{"cameraMode":{"drawMode":0,"name":"Shaded","section":"Shading Mode"},"sceneLighting":false,"audioPlay":false,"sceneViewState":{"m_AlwaysRefresh":false,"showFog":true,"showSkybox":false,"showFlares":true,"showImageEffects":true,"showParticleSystems":true,"showVisualEffectGraphs":true,"m_FxEnabled":true},"in2DMode":false,"pivot":{"x":0.4141511917114258,"y":2.462286949157715,"z":2.665431261062622},"rotation":{"x":-0.00009229112038156018,"y":0.9984965324401856,"z":-0.05578320473432541,"w":-0.002065445762127638},"size":2.545457363128662,"orthographic":false}