{"cameraMode":{"drawMode":0,"name":"Shaded","section":"Shading Mode"},"sceneLighting":true,"audioPlay":false,"sceneViewState":{"m_AlwaysRefresh":false,"showFog":true,"showSkybox":true,"showFlares":true,"showImageEffects":true,"showParticleSystems":true,"showVisualEffectGraphs":true,"m_FxEnabled":true},"in2DMode":false,"pivot":{"x":-12.574200630187989,"y":-2.853591203689575,"z":8.538311004638672},"rotation":{"x":-0.2925792336463928,"y":-0.048171866685152057,"z":0.014754592441022396,"w":-0.954918622970581},"size":21.133766174316408,"orthographic":false}