{"cameraMode":{"drawMode":0,"name":"Shaded","section":"Shading Mode"},"sceneLighting":true,"audioPlay":false,"sceneViewState":{"m_AlwaysRefresh":false,"showFog":true,"showSkybox":true,"showFlares":true,"showImageEffects":true,"showParticleSystems":true,"showVisualEffectGraphs":true,"m_FxEnabled":true},"in2DMode":false,"pivot":{"x":267.34588623046877,"y":292.125732421875,"z":253.7290802001953},"rotation":{"x":-0.004188384860754013,"y":0.0038814356084913017,"z":0.000018879387425840832,"w":1.0002267360687256},"size":394.3643493652344,"orthographic":false}