{"cameraMode":{"drawMode":0,"name":"Shaded","section":"Shading Mode"},"sceneLighting":true,"audioPlay":false,"sceneViewState":{"m_AlwaysRefresh":false,"showFog":true,"showSkybox":true,"showFlares":true,"showImageEffects":true,"showParticleSystems":true,"showVisualEffectGraphs":true,"m_FxEnabled":true},"in2DMode":false,"pivot":{"x":91.78852081298828,"y":44.43859100341797,"z":100.78462982177735},"rotation":{"x":0.040737275034189227,"y":0.0577876903116703,"z":-0.002310682088136673,"w":0.9975802898406982},"size":5.249870777130127,"orthographic":false}