{"cameraMode":{"drawMode":0,"name":"Shaded","section":"Shading Mode"},"sceneLighting":false,"audioPlay":false,"sceneViewState":{"m_AlwaysRefresh":false,"showFog":true,"showSkybox":false,"showFlares":true,"showImageEffects":true,"showParticleSystems":true,"showVisualEffectGraphs":true,"m_FxEnabled":true},"in2DMode":false,"pivot":{"x":1239.7271728515625,"y":282.9137878417969,"z":134.62625122070313},"rotation":{"x":-0.004524596501141787,"y":0.45672911405563357,"z":0.001674076309427619,"w":0.8898031115531921},"size":1468.604736328125,"orthographic":false}