{"cameraMode":{"drawMode":0,"name":"Shaded","section":"Shading Mode"},"sceneLighting":false,"audioPlay":false,"sceneViewState":{"m_AlwaysRefresh":false,"showFog":true,"showSkybox":false,"showFlares":true,"showImageEffects":true,"showParticleSystems":true,"showVisualEffectGraphs":true,"m_FxEnabled":true},"in2DMode":false,"pivot":{"x":-6.5447845458984379,"y":-0.820666491985321,"z":-4.456413745880127},"rotation":{"x":-0.07035689055919647,"y":0.47515904903411868,"z":0.03748822584748268,"w":0.8764949440956116},"size":0.053704530000686648,"orthographic":false}